_id,_rev,created_at,id,id_str,text,source,truncated,in_reply_to_status_id,in_reply_to_status_id_str,in_reply_to_user_id,in_reply_to_user_id_str,in_reply_to_screen_name,user,geo,coordinates,place,contributors,retweeted_status,is_quote_status,quote_count,reply_count,retweet_count,favorite_count,entities,favorited,retweeted,filter_level,lang,timestamp_ms,extended_entities,possibly_sensitive
1351297989365571584,1-ef24f411bcb21b708a661be8b399f1f7,Mon Jan 18 22:38:41 +0000 2021,1351297989365571584,1351297989365571584,"RT @dakar: â® It was a case of dÃ©jÃ -vu on the Dakar this year as it welcomed back legendary vehicles from its past.

See the best bits hereâ€¦","<a href=""http://twitter.com/#!/download/ipad"" rel=""nofollow"">Twitter for iPad</a>",False,,,,,,"{'id': 189892957, 'id_str': '189892957', 'name': 'ã„ã‘ã ã¤ã‹ã•', 'screen_name': 'akalauko', 'location': 'ç¿”ã‚“ã§åŸ¼ç‰', 'url': 'http://www.pixiv.net/member.php?id=92668', 'description': 'ãƒ–ãƒ©ãƒƒã‚¯ãƒ©ã‚°ãƒ¼ãƒ³ã¨ãƒãƒ¼ãƒãƒ£ã¨åŠŸå¤«æ˜ ç”»ã‚‚å°‘ã—/VF5FSåˆå¿ƒè€…/ãŠçµµæå‹¢(ãŠã£ã•ã‚“ãƒ†ãƒ­æ³¨æ„)/ãŠé¡Œç®±http://odaibako.net/u/akalauko /ã‚¢ã‚¤ã‚³ãƒ³ã¯æ—ã¼ãŸã‚“å…ˆç”Ÿ(@hayashibotan)/âš ï¸Unauthorized reproduction prohibited. #VFãŠçµµæãéƒ¨', 'translator_type': 'none', 'protected': False, 'verified': False, 'followers_count': 544, 'friends_count': 543, 'listed_count': 5, 'favourites_count': 82669, 'statuses_count': 40542, 'created_at': 'Sun Sep 12 14:36:35 +0000 2010', 'utc_offset': None, 'time_zone': None, 'geo_enabled': False, 'lang': None, 'contributors_enabled': False, 'is_translator': False, 'profile_background_color': 'E3EBEB', 'profile_background_image_url': 'http://abs.twimg.com/images/themes/theme1/bg.png', 'profile_background_image_url_https': 'https://abs.twimg.com/images/themes/theme1/bg.png', 'profile_background_tile': True, 'profile_link_color': '1B95E0', 'profile_sidebar_border_color': 'FFFFFF', 'profile_sidebar_fill_color': 'DDEEF6', 'profile_text_color': '333333', 'profile_use_background_image': True, 'profile_image_url': 'http://pbs.twimg.com/profile_images/1307315428901806080/NrgIJMNF_normal.jpg', 'profile_image_url_https': 'https://pbs.twimg.com/profile_images/1307315428901806080/NrgIJMNF_normal.jpg', 'profile_banner_url': 'https://pbs.twimg.com/profile_banners/189892957/1607784878', 'default_profile': False, 'default_profile_image': False, 'following': None, 'follow_request_sent': None, 'notifications': None}",,,,,"{'created_at': 'Mon Jan 18 17:00:01 +0000 2021', 'id': 1351212762538536961, 'id_str': '1351212762538536961', 'text': 'â® It was a case of dÃ©jÃ -vu on the Dakar this year as it welcomed back legendary vehicles from its past.\n\nSee the beâ€¦ https://t.co/ipqZIsZW8J', 'display_text_range': [0, 140], 'source': '<a href=""https://studio.twitter.com"" rel=""nofollow"">Twitter Media Studio</a>', 'truncated': True, 'in_reply_to_status_id': None, 'in_reply_to_status_id_str': None, 'in_reply_to_user_id': None, 'in_reply_to_user_id_str': None, 'in_reply_to_screen_name': None, 'user': {'id': 186009251, 'id_str': '186009251', 'name': 'DAKAR RALLY', 'screen_name': 'dakar', 'location': 'Kingdom of Saudi Arabia', 'url': 'http://lnk.bio/e5oc', 'description': ""The world's toughest and biggest rally ! \nğŸ”› #Dakar2021\nğŸ“… 3-15 January 2021\nğŸ“ Saudi Arabia ğŸ‡¸ğŸ‡¦\nğŸ—£ğŸ‡¸ğŸ‡¦ @dakar_arabic"", 'translator_type': 'none', 'protected': False, 'verified': True, 'followers_count': 482152, 'friends_count': 583, 'listed_count': 2901, 'favourites_count': 2496, 'statuses_count': 15701, 'created_at': 'Thu Sep 02 11:09:23 +0000 2010', 'utc_offset': None, 'time_zone': None, 'geo_enabled': True, 'lang': None, 'contributors_enabled': False, 'is_translator': False, 'profile_background_color': 'C0DEED', 'profile_background_image_url': 'http://abs.twimg.com/images/themes/theme1/bg.png', 'profile_background_image_url_https': 'https://abs.twimg.com/images/themes/theme1/bg.png', 'profile_background_tile': True, 'profile_link_color': 'B7311A', 'profile_sidebar_border_color': 'FFFFFF', 'profile_sidebar_fill_color': 'DDEEF6', 'profile_text_color': '333333', 'profile_use_background_image': True, 'profile_image_url': 'http://pbs.twimg.com/profile_images/895571592255864832/cnKf9FMo_normal.jpg', 'profile_image_url_https': 'https://pbs.twimg.com/profile_images/895571592255864832/cnKf9FMo_normal.jpg', 'profile_banner_url': 'https://pbs.twimg.com/profile_banners/186009251/1610693583', 'default_profile': False, 'default_profile_image': False, 'following': None, 'follow_request_sent': None, 'notifications': None}, 'geo': None, 'coordinates': None, 'place': None, 'contributors': None, 'is_quote_status': False, 'extended_tweet': {'full_text': 'â® It was a case of dÃ©jÃ -vu on the Dakar this year as it welcomed back legendary vehicles from its past.\n\nSee the best bits here ğŸ‘‡\n\n#Dakar2021 https://t.co/0KtejvrFSW', 'display_text_range': [0, 141], 'entities': {'hashtags': [{'text': 'Dakar2021', 'indices': [131, 141]}], 'urls': [], 'user_mentions': [], 'symbols': [], 'media': [{'id': 1350187399192707079, 'id_str': '1350187399192707079', 'indices': [142, 165], 'additional_media_info': {'title': '', 'description': '', 'embeddable': True, 'monetizable': False}, 'media_url': 'http://pbs.twimg.com/media/ErzVPzJXMAAkNpp.jpg', 'media_url_https': 'https://pbs.twimg.com/media/ErzVPzJXMAAkNpp.jpg', 'url': 'https://t.co/0KtejvrFSW', 'display_url': 'pic.twitter.com/0KtejvrFSW', 'expanded_url': 'https://twitter.com/dakar/status/1351212762538536961/video/1', 'type': 'video', 'video_info': {'aspect_ratio': [16, 9], 'duration_millis': 210800, 'variants': [{'bitrate': 2176000, 'content_type': 'video/mp4', 'url': 'https://video.twimg.com/amplify_video/1350187399192707079/vid/1280x720/IDIbeJBoQ6E0jIge.mp4?tag=13'}, {'bitrate': 832000, 'content_type': 'video/mp4', 'url': 'https://video.twimg.com/amplify_video/1350187399192707079/vid/640x360/JFjIJqLB5luxyixp.mp4?tag=13'}, {'bitrate': 288000, 'content_type': 'video/mp4', 'url': 'https://video.twimg.com/amplify_video/1350187399192707079/vid/480x270/LGTaOqckRFeONueM.mp4?tag=13'}, {'content_type': 'application/x-mpegURL', 'url': 'https://video.twimg.com/amplify_video/1350187399192707079/pl/O87sMPz4vbqbKBXj.m3u8?tag=13'}]}, 'sizes': {'thumb': {'w': 150, 'h': 150, 'resize': 'crop'}, 'large': {'w': 640, 'h': 360, 'resize': 'fit'}, 'medium': {'w': 640, 'h': 360, 'resize': 'fit'}, 'small': {'w': 640, 'h': 360, 'resize': 'fit'}}}]}, 'extended_entities': {'media': [{'id': 1350187399192707079, 'id_str': '1350187399192707079', 'indices': [142, 165], 'additional_media_info': {'title': '', 'description': '', 'embeddable': True, 'monetizable': False}, 'media_url': 'http://pbs.twimg.com/media/ErzVPzJXMAAkNpp.jpg', 'media_url_https': 'https://pbs.twimg.com/media/ErzVPzJXMAAkNpp.jpg', 'url': 'https://t.co/0KtejvrFSW', 'display_url': 'pic.twitter.com/0KtejvrFSW', 'expanded_url': 'https://twitter.com/dakar/status/1351212762538536961/video/1', 'type': 'video', 'video_info': {'aspect_ratio': [16, 9], 'duration_millis': 210800, 'variants': [{'bitrate': 2176000, 'content_type': 'video/mp4', 'url': 'https://video.twimg.com/amplify_video/1350187399192707079/vid/1280x720/IDIbeJBoQ6E0jIge.mp4?tag=13'}, {'bitrate': 832000, 'content_type': 'video/mp4', 'url': 'https://video.twimg.com/amplify_video/1350187399192707079/vid/640x360/JFjIJqLB5luxyixp.mp4?tag=13'}, {'bitrate': 288000, 'content_type': 'video/mp4', 'url': 'https://video.twimg.com/amplify_video/1350187399192707079/vid/480x270/LGTaOqckRFeONueM.mp4?tag=13'}, {'content_type': 'application/x-mpegURL', 'url': 'https://video.twimg.com/amplify_video/1350187399192707079/pl/O87sMPz4vbqbKBXj.m3u8?tag=13'}]}, 'sizes': {'thumb': {'w': 150, 'h': 150, 'resize': 'crop'}, 'large': {'w': 640, 'h': 360, 'resize': 'fit'}, 'medium': {'w': 640, 'h': 360, 'resize': 'fit'}, 'small': {'w': 640, 'h': 360, 'resize': 'fit'}}}]}}, 'quote_count': 6, 'reply_count': 6, 'retweet_count': 58, 'favorite_count': 328, 'entities': {'hashtags': [], 'urls': [{'url': 'https://t.co/ipqZIsZW8J', 'expanded_url': 'https://twitter.com/i/web/status/1351212762538536961', 'display_url': 'twitter.com/i/web/status/1â€¦', 'indices': [117, 140]}], 'user_mentions': [], 'symbols': []}, 'favorited': False, 'retweeted': False, 'possibly_sensitive': False, 'filter_level': 'low', 'lang': 'en'}",False,0,0,0,0,"{'hashtags': [], 'urls': [], 'user_mentions': [{'screen_name': 'dakar', 'name': 'DAKAR RALLY', 'id': 186009251, 'id_str': '186009251', 'indices': [3, 9]}], 'symbols': []}",False,False,low,en,1611009521224,,
1351298100355207168,1-ac3960792152b3227216ee6c6731d025,Mon Jan 18 22:39:07 +0000 2021,1351298100355207168,1351298100355207168,"RT @AD7ZclvTfjWhKmL: ğŸ¹Ø´Ø±ÙƒØ© Ù†Ù‚Ù„ Ø§Ø«Ø§Ø« Ø§Ù„ÙŠ Ø¬Ù…ÙŠØ¹ Ø§Ø­ÙŠØ§Ø¡ Ø§Ù„Ù…Ù…Ù„ÙƒÙ‡ 
ğŸ¹Ù†Ù‚Ù„ Ø¹ÙØ´
ğŸ¹Ù†Ù‚Ù„ Ø£Ø«Ø§Ø«
ğŸ¹Ù†Ù‚Ù„ Ø¹ÙØ´
ğŸ¹Ù†Ù‚Ù„ Ø£Ø«Ø§Ø«
ğŸ¹Ù†Ù‚Ù„ Ø¹ÙØ´
ğŸ¹Ø£Ø±Ø®Øµ Ø´Ø±ÙƒØ© Ù†Ù‚Ù„ Ø£Ø«Ø§Ø« Ø¨Ø§Ù„Ø±ÙŠØ§Ø¶

ğŸ¹Ù†Ù‚â€¦","<a href=""http://twitter.com/download/android"" rel=""nofollow"">Twitter for Android</a>",False,,,,,,"{'id': 1345305200714768384, 'id_str': '1345305200714768384', 'name': 'Ø§Ù„Ù…Ø¹ØªØµÙ… Ø¨Ø§Ù„Ù„Ù‡ â¤ï¸', 'screen_name': 'MoAtacim18', 'location': None, 'url': None, 'description': 'Ù„Ø§ Ø§Ù„Ù‡ Ø§Ù„Ø§ Ø§Ù„Ù„Ù‡ â¤ï¸\nÙ„Ù„ØªØ¨Ø§Ø¯Ù„', 'translator_type': 'none', 'protected': False, 'verified': False, 'followers_count': 28, 'friends_count': 111, 'listed_count': 0, 'favourites_count': 0, 'statuses_count': 2437, 'created_at': 'Sat Jan 02 09:46:43 +0000 2021', 'utc_offset': None, 'time_zone': None, 'geo_enabled': False, 'lang': None, 'contributors_enabled': False, 'is_translator': False, 'profile_background_color': 'F5F8FA', 'profile_background_image_url': '', 'profile_background_image_url_https': '', 'profile_background_tile': False, 'profile_link_color': '1DA1F2', 'profile_sidebar_border_color': 'C0DEED', 'profile_sidebar_fill_color': 'DDEEF6', 'profile_text_color': '333333', 'profile_use_background_image': True, 'profile_image_url': 'http://abs.twimg.com/sticky/default_profile_images/default_profile_normal.png', 'profile_image_url_https': 'https://abs.twimg.com/sticky/default_profile_images/default_profile_normal.png', 'default_profile': True, 'default_profile_image': False, 'following': None, 'follow_request_sent': None, 'notifications': None}",,,,,"{'created_at': 'Sun Jan 17 15:53:09 +0000 2021', 'id': 1350833544856268800, 'id_str': '1350833544856268800', 'text': 'ğŸ¹Ø´Ø±ÙƒØ© Ù†Ù‚Ù„ Ø§Ø«Ø§Ø« Ø§Ù„ÙŠ Ø¬Ù…ÙŠØ¹ Ø§Ø­ÙŠØ§Ø¡ Ø§Ù„Ù…Ù…Ù„ÙƒÙ‡ \nğŸ¹Ù†Ù‚Ù„ Ø¹ÙØ´\nğŸ¹Ù†Ù‚Ù„ Ø£Ø«Ø§Ø«\nğŸ¹Ù†Ù‚Ù„ Ø¹ÙØ´\nğŸ¹Ù†Ù‚Ù„ Ø£Ø«Ø§Ø«\nğŸ¹Ù†Ù‚Ù„ Ø¹ÙØ´\nğŸ¹Ø£Ø±Ø®Øµ Ø´Ø±ÙƒØ© Ù†Ù‚Ù„ Ø£Ø«Ø§Ø« Ø¨Ø§Ù„Ø±ÙŠØ§Ø¶â€¦ https://t.co/DQDUM5LGtb', 'display_text_range': [0, 140], 'source': '<a href=""http://twitter.com/download/android"" rel=""nofollow"">Twitter for Android</a>', 'truncated': True, 'in_reply_to_status_id': None, 'in_reply_to_status_id_str': None, 'in_reply_to_user_id': None, 'in_reply_to_user_id_str': None, 'in_reply_to_screen_name': None, 'user': {'id': 977168619426729984, 'id_str': '977168619426729984', 'name': 'Ø´Ø±ÙƒÙ‡.Ù†Ù‚Ù„ Ø¹ÙØ´ 0537356875', 'screen_name': 'AD7ZclvTfjWhKmL', 'location': 'Ø§Ù„Ø±ÙŠØ§Ø¶, Ø§Ù„Ù…Ù…Ù„ÙƒØ© Ø§Ù„Ø¹Ø±Ø¨ÙŠØ© Ø§Ù„Ø³Ø¹ÙˆØ¯', 'url': None, 'description': 'Ù†Ù‚Ù„ Ù„ÙƒÙ… Ø§ÙØ¶Ù„ Ø®Ø¯Ù…Ø§Øª Ù†Ù‚Ù„ Ø¹ÙØ´ ÙˆØ§Ù„Ø£Ø«Ø§Ø« ÙˆØ§Ù„Ø¨Ø¶Ø§Ø¦Ø¹ ÙˆØ§Ù„Ù…ÙƒØªØ¨ Ù…Ø¹ Ø§Ù„ÙÙƒ', 'translator_type': 'none', 'protected': False, 'verified': False, 'followers_count': 1943, 'friends_count': 4184, 'listed_count': 0, 'favourites_count': 661, 'statuses_count': 1779, 'created_at': 'Fri Mar 23 13:02:08 +0000 2018', 'utc_offset': None, 'time_zone': None, 'geo_enabled': True, 'lang': None, 'contributors_enabled': False, 'is_translator': False, 'profile_background_color': 'F5F8FA', 'profile_background_image_url': '', 'profile_background_image_url_https': '', 'profile_background_tile': False, 'profile_link_color': '1DA1F2', 'profile_sidebar_border_color': 'C0DEED', 'profile_sidebar_fill_color': 'DDEEF6', 'profile_text_color': '333333', 'profile_use_background_image': True, 'profile_image_url': 'http://pbs.twimg.com/profile_images/977218106413256704/rpUrNcWN_normal.jpg', 'profile_image_url_https': 'https://pbs.twimg.com/profile_images/977218106413256704/rpUrNcWN_normal.jpg', 'default_profile': True, 'default_profile_image': False, 'following': None, 'follow_request_sent': None, 'notifications': None}, 'geo': None, 'coordinates': None, 'place': {'id': '01bf5c1e56ac186d', 'url': 'https://api.twitter.com/1.1/geo/id/01bf5c1e56ac186d.json', 'place_type': 'city', 'name': 'Ø§Ù„Ø±ÙŠØ§Ø¶', 'full_name': 'Ø§Ù„Ø±ÙŠØ§Ø¶, Ø§Ù„Ù…Ù…Ù„ÙƒØ© Ø§Ù„Ø¹Ø±Ø¨ÙŠØ© Ø§Ù„Ø³Ø¹ÙˆØ¯ÙŠØ©', 'country_code': 'SA', 'country': 'Ø§Ù„Ù…Ù…Ù„ÙƒØ© Ø§Ù„Ø¹Ø±Ø¨ÙŠØ© Ø§Ù„Ø³Ø¹ÙˆØ¯ÙŠØ©', 'bounding_box': {'type': 'Polygon', 'coordinates': [[[46.304398, 24.332068], [46.304398, 25.111819], [47.065756, 25.111819], [47.065756, 24.332068]]]}, 'attributes': {}}, 'contributors': None, 'is_quote_status': False, 'extended_tweet': {'full_text': 'ğŸ¹Ø´Ø±ÙƒØ© Ù†Ù‚Ù„ Ø§Ø«Ø§Ø« Ø§Ù„ÙŠ Ø¬Ù…ÙŠØ¹ Ø§Ø­ÙŠØ§Ø¡ Ø§Ù„Ù…Ù…Ù„ÙƒÙ‡ \nğŸ¹Ù†Ù‚Ù„ Ø¹ÙØ´\nğŸ¹Ù†Ù‚Ù„ Ø£Ø«Ø§Ø«\nğŸ¹Ù†Ù‚Ù„ Ø¹ÙØ´\nğŸ¹Ù†Ù‚Ù„ Ø£Ø«Ø§Ø«\nğŸ¹Ù†Ù‚Ù„ Ø¹ÙØ´\nğŸ¹Ø£Ø±Ø®Øµ Ø´Ø±ÙƒØ© Ù†Ù‚Ù„ Ø£Ø«Ø§Ø« Ø¨Ø§Ù„Ø±ÙŠØ§Ø¶\n\nğŸ¹Ù†Ù‚Ù„ Ø¹ÙØ´\nğŸ¹Ù†Ù‚Ù„ Ø£Ø«Ø§Ø«\n\nğŸ¹ØªØ®Ø²ÙŠÙ† Ø§Ù„Ø£Ø«Ø§Ø« Ø¨Ù…Ø³ØªÙˆØ¯Ø¹Ø§Øª Ù…Ø¤Ù…Ù†Ù‡ ÙˆØ£Ù…Ù†Ù‡\nğŸ¹Ù†Ù‚Ù„ Ø¹ÙØ´\nğŸ¹Ù†Ù‚Ù„ Ø£Ø«Ø§Ø«\n\nğŸ¹Ù…ØªØ®ØµØµÙˆÙ† ÙÙŠ Ù†Ù‚Ù„ Ø§Ù„Ø¹ÙØ´ Ø¨Ø§Ù„Ø±ÙŠØ§Ø¶ \nÙˆÙ†ÙŠØª Ù†Ù‚Ù„ Ø§ØºØ±Ø¶ Ø®ÙÙŠÙÙ‡ ÙˆÙ†ÙŠØª Ù†Ù‚Ù„ \n#Dakar2021 https://t.co/gkbR3XwdEU', 'display_text_range': [0, 262], 'entities': {'hashtags': [{'text': 'Dakar2021', 'indices': [252, 262]}], 'urls': [], 'user_mentions': [], 'symbols': [], 'media': [{'id': 1350833538959081484, 'id_str': '1350833538959081484', 'indices': [263, 286], 'media_url': 'http://pbs.twimg.com/media/Er8f8lhXAAw2CGL.jpg', 'media_url_https': 'https://pbs.twimg.com/media/Er8f8lhXAAw2CGL.jpg', 'url': 'https://t.co/gkbR3XwdEU', 'display_url': 'pic.twitter.com/gkbR3XwdEU', 'expanded_url': 'https://twitter.com/AD7ZclvTfjWhKmL/status/1350833544856268800/photo/1', 'type': 'photo', 'sizes': {'thumb': {'w': 150, 'h': 150, 'resize': 'crop'}, 'large': {'w': 616, 'h': 616, 'resize': 'fit'}, 'small': {'w': 616, 'h': 616, 'resize': 'fit'}, 'medium': {'w': 616, 'h': 616, 'resize': 'fit'}}}, {'id': 1350833542218067970, 'id_str': '1350833542218067970', 'indices': [263, 286], 'media_url': 'http://pbs.twimg.com/media/Er8f8xqXMAIhkDo.jpg', 'media_url_https': 'https://pbs.twimg.com/media/Er8f8xqXMAIhkDo.jpg', 'url': 'https://t.co/gkbR3XwdEU', 'display_url': 'pic.twitter.com/gkbR3XwdEU', 'expanded_url': 'https://twitter.com/AD7ZclvTfjWhKmL/status/1350833544856268800/photo/1', 'type': 'photo', 'sizes': {'large': {'w': 520, 'h': 520, 'resize': 'fit'}, 'thumb': {'w': 150, 'h': 150, 'resize': 'crop'}, 'medium': {'w': 520, 'h': 520, 'resize': 'fit'}, 'small': {'w': 520, 'h': 520, 'resize': 'fit'}}}]}, 'extended_entities': {'media': [{'id': 1350833538959081484, 'id_str': '1350833538959081484', 'indices': [263, 286], 'media_url': 'http://pbs.twimg.com/media/Er8f8lhXAAw2CGL.jpg', 'media_url_https': 'https://pbs.twimg.com/media/Er8f8lhXAAw2CGL.jpg', 'url': 'https://t.co/gkbR3XwdEU', 'display_url': 'pic.twitter.com/gkbR3XwdEU', 'expanded_url': 'https://twitter.com/AD7ZclvTfjWhKmL/status/1350833544856268800/photo/1', 'type': 'photo', 'sizes': {'thumb': {'w': 150, 'h': 150, 'resize': 'crop'}, 'large': {'w': 616, 'h': 616, 'resize': 'fit'}, 'small': {'w': 616, 'h': 616, 'resize': 'fit'}, 'medium': {'w': 616, 'h': 616, 'resize': 'fit'}}}, {'id': 1350833542218067970, 'id_str': '1350833542218067970', 'indices': [263, 286], 'media_url': 'http://pbs.twimg.com/media/Er8f8xqXMAIhkDo.jpg', 'media_url_https': 'https://pbs.twimg.com/media/Er8f8xqXMAIhkDo.jpg', 'url': 'https://t.co/gkbR3XwdEU', 'display_url': 'pic.twitter.com/gkbR3XwdEU', 'expanded_url': 'https://twitter.com/AD7ZclvTfjWhKmL/status/1350833544856268800/photo/1', 'type': 'photo', 'sizes': {'large': {'w': 520, 'h': 520, 'resize': 'fit'}, 'thumb': {'w': 150, 'h': 150, 'resize': 'crop'}, 'medium': {'w': 520, 'h': 520, 'resize': 'fit'}, 'small': {'w': 520, 'h': 520, 'resize': 'fit'}}}]}}, 'quote_count': 0, 'reply_count': 0, 'retweet_count': 276, 'favorite_count': 2, 'entities': {'hashtags': [], 'urls': [{'url': 'https://t.co/DQDUM5LGtb', 'expanded_url': 'https://twitter.com/i/web/status/1350833544856268800', 'display_url': 'twitter.com/i/web/status/1â€¦', 'indices': [115, 138]}], 'user_mentions': [], 'symbols': []}, 'favorited': False, 'retweeted': False, 'possibly_sensitive': False, 'filter_level': 'low', 'lang': 'ar'}",False,0,0,0,0,"{'hashtags': [], 'urls': [], 'user_mentions': [{'screen_name': 'AD7ZclvTfjWhKmL', 'name': 'Ø´Ø±ÙƒÙ‡.Ù†Ù‚Ù„ Ø¹ÙØ´ 0537356875', 'id': 977168619426729984, 'id_str': '977168619426729984', 'indices': [3, 19]}], 'symbols': []}",False,False,low,ar,1611009547686,,
1351298810430029831,1-a3f09b9f7c9741888ffc4b3504c144e1,Mon Jan 18 22:41:56 +0000 2021,1351298810430029831,1351298810430029831,RT @DakarRoadbook: Pablo Quintanilla saca lo positivo de desafiante Dakar 2021 https://t.co/v5l01yU7Os #Dakar2021 https://t.co/Up0Tjnpvz6,"<a href=""http://twitter.com/download/android"" rel=""nofollow"">Twitter for Android</a>",False,,,,,,"{'id': 829145043231387648, 'id_str': '829145043231387648', 'name': 'Anto Meneses', 'screen_name': 'antoniamenesess', 'location': None, 'url': None, 'description': None, 'translator_type': 'none', 'protected': False, 'verified': False, 'followers_count': 30, 'friends_count': 66, 'listed_count': 0, 'favourites_count': 6429, 'statuses_count': 8820, 'created_at': 'Wed Feb 08 01:49:17 +0000 2017', 'utc_offset': None, 'time_zone': None, 'geo_enabled': False, 'lang': None, 'contributors_enabled': False, 'is_translator': False, 'profile_background_color': 'F5F8FA', 'profile_background_image_url': '', 'profile_background_image_url_https': '', 'profile_background_tile': False, 'profile_link_color': '1DA1F2', 'profile_sidebar_border_color': 'C0DEED', 'profile_sidebar_fill_color': 'DDEEF6', 'profile_text_color': '333333', 'profile_use_background_image': True, 'profile_image_url': 'http://abs.twimg.com/sticky/default_profile_images/default_profile_normal.png', 'profile_image_url_https': 'https://abs.twimg.com/sticky/default_profile_images/default_profile_normal.png', 'default_profile': True, 'default_profile_image': False, 'following': None, 'follow_request_sent': None, 'notifications': None}",,,,,"{'created_at': 'Sun Jan 17 17:55:37 +0000 2021', 'id': 1350864366510493698, 'id_str': '1350864366510493698', 'text': 'Pablo Quintanilla saca lo positivo de desafiante Dakar 2021 https://t.co/v5l01yU7Os #Dakar2021 https://t.co/Up0Tjnpvz6', 'display_text_range': [0, 94], 'source': '<a href=""https://about.twitter.com/products/tweetdeck"" rel=""nofollow"">TweetDeck</a>', 'truncated': False, 'in_reply_to_status_id': None, 'in_reply_to_status_id_str': None, 'in_reply_to_user_id': None, 'in_reply_to_user_id_str': None, 'in_reply_to_screen_name': None, 'user': {'id': 1070433625, 'id_str': '1070433625', 'name': 'Dakar Rally Roadbook', 'screen_name': 'DakarRoadbook', 'location': 'Bolivia', 'url': None, 'description': 'InformaciÃ³n del Dakar', 'translator_type': 'none', 'protected': False, 'verified': False, 'followers_count': 3353, 'friends_count': 3044, 'listed_count': 55, 'favourites_count': 1026, 'statuses_count': 4957, 'created_at': 'Tue Jan 08 09:20:48 +0000 2013', 'utc_offset': None, 'time_zone': None, 'geo_enabled': True, 'lang': None, 'contributors_enabled': False, 'is_translator': False, 'profile_background_color': '8B542B', 'profile_background_image_url': 'http://abs.twimg.com/images/themes/theme8/bg.gif', 'profile_background_image_url_https': 'https://abs.twimg.com/images/themes/theme8/bg.gif', 'profile_background_tile': False, 'profile_link_color': '9D582E', 'profile_sidebar_border_color': 'FFFFFF', 'profile_sidebar_fill_color': 'EADEAA', 'profile_text_color': '333333', 'profile_use_background_image': True, 'profile_image_url': 'http://pbs.twimg.com/profile_images/720047605191991296/y6jhlfLB_normal.jpg', 'profile_image_url_https': 'https://pbs.twimg.com/profile_images/720047605191991296/y6jhlfLB_normal.jpg', 'profile_banner_url': 'https://pbs.twimg.com/profile_banners/1070433625/1420157887', 'default_profile': False, 'default_profile_image': False, 'following': None, 'follow_request_sent': None, 'notifications': None}, 'geo': None, 'coordinates': None, 'place': None, 'contributors': None, 'is_quote_status': False, 'quote_count': 0, 'reply_count': 1, 'retweet_count': 5, 'favorite_count': 27, 'entities': {'hashtags': [{'text': 'Dakar2021', 'indices': [84, 94]}], 'urls': [{'url': 'https://t.co/v5l01yU7Os', 'expanded_url': 'https://bit.ly/39F0m9h', 'display_url': 'bit.ly/39F0m9h', 'indices': [60, 83]}], 'user_mentions': [], 'symbols': [], 'media': [{'id': 1350864324252880904, 'id_str': '1350864324252880904', 'indices': [95, 118], 'media_url': 'http://pbs.twimg.com/media/Er878hrXUAgTq6J.jpg', 'media_url_https': 'https://pbs.twimg.com/media/Er878hrXUAgTq6J.jpg', 'url': 'https://t.co/Up0Tjnpvz6', 'display_url': 'pic.twitter.com/Up0Tjnpvz6', 'expanded_url': 'https://twitter.com/DakarRoadbook/status/1350864366510493698/photo/1', 'type': 'photo', 'sizes': {'large': {'w': 2048, 'h': 1366, 'resize': 'fit'}, 'thumb': {'w': 150, 'h': 150, 'resize': 'crop'}, 'small': {'w': 680, 'h': 453, 'resize': 'fit'}, 'medium': {'w': 1200, 'h': 800, 'resize': 'fit'}}}]}, 'extended_entities': {'media': [{'id': 1350864324252880904, 'id_str': '1350864324252880904', 'indices': [95, 118], 'media_url': 'http://pbs.twimg.com/media/Er878hrXUAgTq6J.jpg', 'media_url_https': 'https://pbs.twimg.com/media/Er878hrXUAgTq6J.jpg', 'url': 'https://t.co/Up0Tjnpvz6', 'display_url': 'pic.twitter.com/Up0Tjnpvz6', 'expanded_url': 'https://twitter.com/DakarRoadbook/status/1350864366510493698/photo/1', 'type': 'photo', 'sizes': {'large': {'w': 2048, 'h': 1366, 'resize': 'fit'}, 'thumb': {'w': 150, 'h': 150, 'resize': 'crop'}, 'small': {'w': 680, 'h': 453, 'resize': 'fit'}, 'medium': {'w': 1200, 'h': 800, 'resize': 'fit'}}}]}, 'favorited': False, 'retweeted': False, 'possibly_sensitive': False, 'filter_level': 'low', 'lang': 'es'}",False,0,0,0,0,"{'hashtags': [{'text': 'Dakar2021', 'indices': [103, 113]}], 'urls': [{'url': 'https://t.co/v5l01yU7Os', 'expanded_url': 'https://bit.ly/39F0m9h', 'display_url': 'bit.ly/39F0m9h', 'indices': [79, 102]}], 'user_mentions': [{'screen_name': 'DakarRoadbook', 'name': 'Dakar Rally Roadbook', 'id': 1070433625, 'id_str': '1070433625', 'indices': [3, 17]}], 'symbols': [], 'media': [{'id': 1350864324252880904, 'id_str': '1350864324252880904', 'indices': [114, 137], 'media_url': 'http://pbs.twimg.com/media/Er878hrXUAgTq6J.jpg', 'media_url_https': 'https://pbs.twimg.com/media/Er878hrXUAgTq6J.jpg', 'url': 'https://t.co/Up0Tjnpvz6', 'display_url': 'pic.twitter.com/Up0Tjnpvz6', 'expanded_url': 'https://twitter.com/DakarRoadbook/status/1350864366510493698/photo/1', 'type': 'photo', 'sizes': {'large': {'w': 2048, 'h': 1366, 'resize': 'fit'}, 'thumb': {'w': 150, 'h': 150, 'resize': 'crop'}, 'small': {'w': 680, 'h': 453, 'resize': 'fit'}, 'medium': {'w': 1200, 'h': 800, 'resize': 'fit'}}, 'source_status_id': 1350864366510493698, 'source_status_id_str': '1350864366510493698', 'source_user_id': 1070433625, 'source_user_id_str': '1070433625'}]}",False,False,low,es,1611009716981,"{'media': [{'id': 1350864324252880904, 'id_str': '1350864324252880904', 'indices': [114, 137], 'media_url': 'http://pbs.twimg.com/media/Er878hrXUAgTq6J.jpg', 'media_url_https': 'https://pbs.twimg.com/media/Er878hrXUAgTq6J.jpg', 'url': 'https://t.co/Up0Tjnpvz6', 'display_url': 'pic.twitter.com/Up0Tjnpvz6', 'expanded_url': 'https://twitter.com/DakarRoadbook/status/1350864366510493698/photo/1', 'type': 'photo', 'sizes': {'large': {'w': 2048, 'h': 1366, 'resize': 'fit'}, 'thumb': {'w': 150, 'h': 150, 'resize': 'crop'}, 'small': {'w': 680, 'h': 453, 'resize': 'fit'}, 'medium': {'w': 1200, 'h': 800, 'resize': 'fit'}}, 'source_status_id': 1350864366510493698, 'source_status_id_str': '1350864366510493698', 'source_user_id': 1070433625, 'source_user_id_str': '1070433625'}]}",False
1351298938289213442,1-20639e057be3ba7e419acd807b3b2e0f,Mon Jan 18 22:42:27 +0000 2021,1351298938289213442,1351298938289213442,"RT @egypt_dana: Ø§Ù„Ù†Ø¸Ø±Ø§Øª Ø¯ÙŠ ØµØ¯Ù…Ù‡ ğŸ”¥ ÙˆØ§Ù„Ù…ØºØ±Ø¨ÙŠÙ‡ Ø¹Ø§ÙŠØ²Ù‡ Ø¨Ø³ ØªÙ…Øµ ÙˆØªÙ†Ø¨Ø³Ø· ğŸ’ƒğŸ¼ ÙˆØ§Ù„Ø§Ø³ÙˆØ¯ Ù…Ø¨Ø³ÙˆØ· 2 Ù„Ø¨ÙˆØ§Øª Ø¨ÙŠÙ…ØµÙˆ ğŸ‘…
#Dakar2021 #Egypt2021 #Egypt #Ù…ØµØ±2021 #Ù…ØµØ±â€¦","<a href=""http://twitter.com/download/android"" rel=""nofollow"">Twitter for Android</a>",False,,,,,,"{'id': 1341081759207862274, 'id_str': '1341081759207862274', 'name': 'Ø§Ø­Ù…Ø¯ Ø§Ù„ÙƒØ¯Ù33', 'screen_name': 'mator7755', 'location': None, 'url': None, 'description': 'Ù…Ø´Ø§ØºØ¨', 'translator_type': 'none', 'protected': False, 'verified': False, 'followers_count': 30, 'friends_count': 475, 'listed_count': 0, 'favourites_count': 2800, 'statuses_count': 494, 'created_at': 'Mon Dec 21 18:03:28 +0000 2020', 'utc_offset': None, 'time_zone': None, 'geo_enabled': False, 'lang': None, 'contributors_enabled': False, 'is_translator': False, 'profile_background_color': 'F5F8FA', 'profile_background_image_url': '', 'profile_background_image_url_https': '', 'profile_background_tile': False, 'profile_link_color': '1DA1F2', 'profile_sidebar_border_color': 'C0DEED', 'profile_sidebar_fill_color': 'DDEEF6', 'profile_text_color': '333333', 'profile_use_background_image': True, 'profile_image_url': 'http://pbs.twimg.com/profile_images/1341082307038490626/zrDI4hMo_normal.jpg', 'profile_image_url_https': 'https://pbs.twimg.com/profile_images/1341082307038490626/zrDI4hMo_normal.jpg', 'default_profile': True, 'default_profile_image': False, 'following': None, 'follow_request_sent': None, 'notifications': None}",,,,,"{'created_at': 'Fri Jan 15 11:51:22 +0000 2021', 'id': 1350047922491154432, 'id_str': '1350047922491154432', 'text': 'Ø§Ù„Ù†Ø¸Ø±Ø§Øª Ø¯ÙŠ ØµØ¯Ù…Ù‡ ğŸ”¥ ÙˆØ§Ù„Ù…ØºØ±Ø¨ÙŠÙ‡ Ø¹Ø§ÙŠØ²Ù‡ Ø¨Ø³ ØªÙ…Øµ ÙˆØªÙ†Ø¨Ø³Ø· ğŸ’ƒğŸ¼ ÙˆØ§Ù„Ø§Ø³ÙˆØ¯ Ù…Ø¨Ø³ÙˆØ· 2 Ù„Ø¨ÙˆØ§Øª Ø¨ÙŠÙ…ØµÙˆ ğŸ‘…\n#Dakar2021 #Egypt2021 #Egyptâ€¦ https://t.co/IyJVx9JSao', 'display_text_range': [0, 140], 'source': '<a href=""http://twitter.com/download/iphone"" rel=""nofollow"">Twitter for iPhone</a>', 'truncated': True, 'in_reply_to_status_id': None, 'in_reply_to_status_id_str': None, 'in_reply_to_user_id': None, 'in_reply_to_user_id_str': None, 'in_reply_to_screen_name': None, 'user': {'id': 710619161999835138, 'id_str': '710619161999835138', 'name': 'ğŸ’‹ Queen Dana ğŸ’‹', 'screen_name': 'egypt_dana', 'location': ""ğŸ”¥ I'm a prostitute ğŸ”¥"", 'url': None, 'description': 'The first Egyptian pornographic actress in the Arab world to find fun here Ù‚Ù…Ø±Ù‡Ù… ØµØ¯ÙŠÙ‚ØªÙŠ @qmrh_6 .ğŸ¥Ù…Ù…Ø«Ù„Ù‡ Ø§Ø¨Ø§Ø­ÙŠÙ‡ ğŸ’‹( Ø¯Ø§Ù†Ø§ Ø§Ù„Ù…ØµØ±ÙŠØ© )', 'translator_type': 'none', 'protected': False, 'verified': False, 'followers_count': 169808, 'friends_count': 21, 'listed_count': 952, 'favourites_count': 230, 'statuses_count': 2678, 'created_at': 'Fri Mar 18 00:09:45 +0000 2016', 'utc_offset': None, 'time_zone': None, 'geo_enabled': False, 'lang': None, 'contributors_enabled': False, 'is_translator': False, 'profile_background_color': 'F5F8FA', 'profile_background_image_url': '', 'profile_background_image_url_https': '', 'profile_background_tile': False, 'profile_link_color': '1DA1F2', 'profile_sidebar_border_color': 'C0DEED', 'profile_sidebar_fill_color': 'DDEEF6', 'profile_text_color': '333333', 'profile_use_background_image': True, 'profile_image_url': 'http://pbs.twimg.com/profile_images/1341955528134635520/sJWFlpqY_normal.jpg', 'profile_image_url_https': 'https://pbs.twimg.com/profile_images/1341955528134635520/sJWFlpqY_normal.jpg', 'profile_banner_url': 'https://pbs.twimg.com/profile_banners/710619161999835138/1608379627', 'default_profile': True, 'default_profile_image': False, 'following': None, 'follow_request_sent': None, 'notifications': None}, 'geo': None, 'coordinates': None, 'place': None, 'contributors': None, 'is_quote_status': False, 'extended_tweet': {'full_text': 'Ø§Ù„Ù†Ø¸Ø±Ø§Øª Ø¯ÙŠ ØµØ¯Ù…Ù‡ ğŸ”¥ ÙˆØ§Ù„Ù…ØºØ±Ø¨ÙŠÙ‡ Ø¹Ø§ÙŠØ²Ù‡ Ø¨Ø³ ØªÙ…Øµ ÙˆØªÙ†Ø¨Ø³Ø· ğŸ’ƒğŸ¼ ÙˆØ§Ù„Ø§Ø³ÙˆØ¯ Ù…Ø¨Ø³ÙˆØ· 2 Ù„Ø¨ÙˆØ§Øª Ø¨ÙŠÙ…ØµÙˆ ğŸ‘…\n#Dakar2021 #Egypt2021 #Egypt #Ù…ØµØ±2021 #Ù…ØµØ±ÙŠÙ‡ #Ø§Ù„ÙƒÙˆÙŠØª #Ø§Ù„Ø³Ø¹ÙˆØ¯ÙŠØ© #Ø§Ù„Ø§Ù…Ø§Ø±Ø§Øª #Ø¯Ø¨ÙŠ #Ù‚Ø·Ø± #Qatar #QND2020 https://t.co/67EIUWUV8F', 'display_text_range': [0, 179], 'entities': {'hashtags': [{'text': 'Dakar2021', 'indices': [81, 91]}, {'text': 'Egypt2021', 'indices': [92, 102]}, {'text': 'Egypt', 'indices': [103, 109]}, {'text': 'Ù…ØµØ±2021', 'indices': [110, 118]}, {'text': 'Ù…ØµØ±ÙŠÙ‡', 'indices': [119, 125]}, {'text': 'Ø§Ù„ÙƒÙˆÙŠØª', 'indices': [126, 133]}, {'text': 'Ø§Ù„Ø³Ø¹ÙˆØ¯ÙŠØ©', 'indices': [134, 143]}, {'text': 'Ø§Ù„Ø§Ù…Ø§Ø±Ø§Øª', 'indices': [144, 153]}, {'text': 'Ø¯Ø¨ÙŠ', 'indices': [154, 158]}, {'text': 'Ù‚Ø·Ø±', 'indices': [159, 163]}, {'text': 'Qatar', 'indices': [164, 170]}, {'text': 'QND2020', 'indices': [171, 179]}], 'urls': [], 'user_mentions': [], 'symbols': [], 'media': [{'id': 1350047634350866432, 'id_str': '1350047634350866432', 'indices': [180, 203], 'additional_media_info': {'monetizable': False}, 'media_url': 'http://pbs.twimg.com/ext_tw_video_thumb/1350047634350866432/pu/img/4_rjSqpGj9rdZ39d.jpg', 'media_url_https': 'https://pbs.twimg.com/ext_tw_video_thumb/1350047634350866432/pu/img/4_rjSqpGj9rdZ39d.jpg', 'url': 'https://t.co/67EIUWUV8F', 'display_url': 'pic.twitter.com/67EIUWUV8F', 'expanded_url': 'https://twitter.com/egypt_dana/status/1350047922491154432/video/1', 'type': 'video', 'video_info': {'aspect_ratio': [240, 427], 'duration_millis': 58832, 'variants': [{'bitrate': 2176000, 'content_type': 'video/mp4', 'url': 'https://video.twimg.com/ext_tw_video/1350047634350866432/pu/vid/480x854/hv_jb5Pg_j55Is2U.mp4?tag=10'}, {'bitrate': 632000, 'content_type': 'video/mp4', 'url': 'https://video.twimg.com/ext_tw_video/1350047634350866432/pu/vid/320x568/lpTuJAlHcIp0hsH7.mp4?tag=10'}, {'bitrate': 832000, 'content_type': 'video/mp4', 'url': 'https://video.twimg.com/ext_tw_video/1350047634350866432/pu/vid/360x640/C8lagLy7NOpn7tL1.mp4?tag=10'}, {'content_type': 'application/x-mpegURL', 'url': 'https://video.twimg.com/ext_tw_video/1350047634350866432/pu/pl/zXXWm-3Ee4RMd4Ze.m3u8?tag=10'}]}, 'sizes': {'thumb': {'w': 150, 'h': 150, 'resize': 'crop'}, 'large': {'w': 480, 'h': 854, 'resize': 'fit'}, 'small': {'w': 382, 'h': 680, 'resize': 'fit'}, 'medium': {'w': 480, 'h': 854, 'resize': 'fit'}}}]}, 'extended_entities': {'media': [{'id': 1350047634350866432, 'id_str': '1350047634350866432', 'indices': [180, 203], 'additional_media_info': {'monetizable': False}, 'media_url': 'http://pbs.twimg.com/ext_tw_video_thumb/1350047634350866432/pu/img/4_rjSqpGj9rdZ39d.jpg', 'media_url_https': 'https://pbs.twimg.com/ext_tw_video_thumb/1350047634350866432/pu/img/4_rjSqpGj9rdZ39d.jpg', 'url': 'https://t.co/67EIUWUV8F', 'display_url': 'pic.twitter.com/67EIUWUV8F', 'expanded_url': 'https://twitter.com/egypt_dana/status/1350047922491154432/video/1', 'type': 'video', 'video_info': {'aspect_ratio': [240, 427], 'duration_millis': 58832, 'variants': [{'bitrate': 2176000, 'content_type': 'video/mp4', 'url': 'https://video.twimg.com/ext_tw_video/1350047634350866432/pu/vid/480x854/hv_jb5Pg_j55Is2U.mp4?tag=10'}, {'bitrate': 632000, 'content_type': 'video/mp4', 'url': 'https://video.twimg.com/ext_tw_video/1350047634350866432/pu/vid/320x568/lpTuJAlHcIp0hsH7.mp4?tag=10'}, {'bitrate': 832000, 'content_type': 'video/mp4', 'url': 'https://video.twimg.com/ext_tw_video/1350047634350866432/pu/vid/360x640/C8lagLy7NOpn7tL1.mp4?tag=10'}, {'content_type': 'application/x-mpegURL', 'url': 'https://video.twimg.com/ext_tw_video/1350047634350866432/pu/pl/zXXWm-3Ee4RMd4Ze.m3u8?tag=10'}]}, 'sizes': {'thumb': {'w': 150, 'h': 150, 'resize': 'crop'}, 'large': {'w': 480, 'h': 854, 'resize': 'fit'}, 'small': {'w': 382, 'h': 680, 'resize': 'fit'}, 'medium': {'w': 480, 'h': 854, 'resize': 'fit'}}}]}}, 'quote_count': 1, 'reply_count': 34, 'retweet_count': 161, 'favorite_count': 734, 'entities': {'hashtags': [{'text': 'Dakar2021', 'indices': [81, 91]}, {'text': 'Egypt2021', 'indices': [92, 102]}, {'text': 'Egypt', 'indices': [103, 109]}], 'urls': [{'url': 'https://t.co/IyJVx9JSao', 'expanded_url': 'https://twitter.com/i/web/status/1350047922491154432', 'display_url': 'twitter.com/i/web/status/1â€¦', 'indices': [111, 134]}], 'user_mentions': [], 'symbols': []}, 'favorited': False, 'retweeted': False, 'possibly_sensitive': True, 'filter_level': 'low', 'lang': 'ar'}",False,0,0,0,0,"{'hashtags': [{'text': 'Dakar2021', 'indices': [97, 107]}, {'text': 'Egypt2021', 'indices': [108, 118]}, {'text': 'Egypt', 'indices': [119, 125]}, {'text': 'Ù…ØµØ±2021', 'indices': [126, 134]}], 'urls': [], 'user_mentions': [{'screen_name': 'egypt_dana', 'name': 'ğŸ’‹ Queen Dana ğŸ’‹', 'id': 710619161999835138, 'id_str': '710619161999835138', 'indices': [3, 14]}], 'symbols': []}",False,False,low,ar,1611009747465,,
1351299093587496962,1-3a9c5c0f74ea31cfee3405358d3d2e4f,Mon Jan 18 22:43:04 +0000 2021,1351299093587496962,1351299093587496962,RT @SomosDakar: Los hermanos @TimCoronel y @TomCoronel lograron completar todo el #Dakar2021 a bordo de la #Beast347. AdemÃ¡s obtuvieron suâ€¦,"<a href=""http://twitter.com/download/android"" rel=""nofollow"">Twitter for Android</a>",False,,,,,,"{'id': 502044667, 'id_str': '502044667', 'name': 'ANTI NODIOSğŸ–¤Y el q se sienta tocado, q se ortee', 'screen_name': 'Lolo_Tweety', 'location': 'Buenos Aires', 'url': None, 'description': 'Corcho para todos y todas...\nOn fire.\nA la derecha de todo lo que estÃ© a la izquierda.\nBloqueo a kirchneristas cabeza de termo.', 'translator_type': 'none', 'protected': False, 'verified': False, 'followers_count': 266, 'friends_count': 625, 'listed_count': 0, 'favourites_count': 12938, 'statuses_count': 20823, 'created_at': 'Fri Feb 24 19:09:10 +0000 2012', 'utc_offset': None, 'time_zone': None, 'geo_enabled': False, 'lang': None, 'contributors_enabled': False, 'is_translator': False, 'profile_background_color': 'C0DEED', 'profile_background_image_url': 'http://abs.twimg.com/images/themes/theme1/bg.png', 'profile_background_image_url_https': 'https://abs.twimg.com/images/themes/theme1/bg.png', 'profile_background_tile': False, 'profile_link_color': '1DA1F2', 'profile_sidebar_border_color': 'C0DEED', 'profile_sidebar_fill_color': 'DDEEF6', 'profile_text_color': '333333', 'profile_use_background_image': True, 'profile_image_url': 'http://pbs.twimg.com/profile_images/1316924676556394496/-AlRg5h1_normal.jpg', 'profile_image_url_https': 'https://pbs.twimg.com/profile_images/1316924676556394496/-AlRg5h1_normal.jpg', 'profile_banner_url': 'https://pbs.twimg.com/profile_banners/502044667/1601175376', 'default_profile': True, 'default_profile_image': False, 'following': None, 'follow_request_sent': None, 'notifications': None}",,,,,"{'created_at': 'Fri Jan 15 12:10:37 +0000 2021', 'id': 1350052767386267649, 'id_str': '1350052767386267649', 'text': 'Los hermanos @TimCoronel y @TomCoronel lograron completar todo el #Dakar2021 a bordo de la #Beast347. AdemÃ¡s obtuviâ€¦ https://t.co/QEnUfJoDqJ', 'display_text_range': [0, 140], 'source': '<a href=""http://twitter.com/download/android"" rel=""nofollow"">Twitter for Android</a>', 'truncated': True, 'in_reply_to_status_id': None, 'in_reply_to_status_id_str': None, 'in_reply_to_user_id': None, 'in_reply_to_user_id_str': None, 'in_reply_to_screen_name': None, 'user': {'id': 757781241798221825, 'id_str': '757781241798221825', 'name': 'Somos Dakar', 'screen_name': 'SomosDakar', 'location': 'Buenos Aires, Argentina', 'url': 'https://somosdakar.com', 'description': 'Vivamos juntos la pasiÃ³n por el #rally. Web informativa no oficial de noticias. Administrado por @Lucho_Schiffer. #Dakar2021. (Dakar Oficial es Â© de ASO)', 'translator_type': 'none', 'protected': False, 'verified': False, 'followers_count': 4949, 'friends_count': 420, 'listed_count': 81, 'favourites_count': 3743, 'statuses_count': 4382, 'created_at': 'Tue Jul 26 03:35:01 +0000 2016', 'utc_offset': None, 'time_zone': None, 'geo_enabled': False, 'lang': None, 'contributors_enabled': False, 'is_translator': False, 'profile_background_color': '000000', 'profile_background_image_url': 'http://abs.twimg.com/images/themes/theme1/bg.png', 'profile_background_image_url_https': 'https://abs.twimg.com/images/themes/theme1/bg.png', 'profile_background_tile': False, 'profile_link_color': 'FF691F', 'profile_sidebar_border_color': '000000', 'profile_sidebar_fill_color': '000000', 'profile_text_color': '000000', 'profile_use_background_image': False, 'profile_image_url': 'http://pbs.twimg.com/profile_images/1311014395464552453/2pfjcTzr_normal.jpg', 'profile_image_url_https': 'https://pbs.twimg.com/profile_images/1311014395464552453/2pfjcTzr_normal.jpg', 'profile_banner_url': 'https://pbs.twimg.com/profile_banners/757781241798221825/1601851351', 'default_profile': False, 'default_profile_image': False, 'following': None, 'follow_request_sent': None, 'notifications': None}, 'geo': None, 'coordinates': None, 'place': None, 'contributors': None, 'is_quote_status': False, 'extended_tweet': {'full_text': 'Los hermanos @TimCoronel y @TomCoronel lograron completar todo el #Dakar2021 a bordo de la #Beast347. AdemÃ¡s obtuvieron su mejor resultado en #DakarRally, con un gran 26Â° puesto en la general de #autos. \n\nVive el #RallyDakar2021 en @somosdakar y https://t.co/HiOG0bMPlh https://t.co/LrS6nEXycJ', 'display_text_range': [0, 269], 'entities': {'hashtags': [{'text': 'Dakar2021', 'indices': [66, 76]}, {'text': 'Beast347', 'indices': [91, 100]}, {'text': 'DakarRally', 'indices': [142, 153]}, {'text': 'autos', 'indices': [195, 201]}, {'text': 'RallyDakar2021', 'indices': [213, 228]}], 'urls': [{'url': 'https://t.co/HiOG0bMPlh', 'expanded_url': 'http://somosdakar.com', 'display_url': 'somosdakar.com', 'indices': [246, 269]}], 'user_mentions': [{'screen_name': 'TimCoronel', 'name': 'Tim Coronel', 'id': 47395667, 'id_str': '47395667', 'indices': [13, 24]}, {'screen_name': 'TomCoronel', 'name': 'Tom Coronel', 'id': 80595443, 'id_str': '80595443', 'indices': [27, 38]}, {'screen_name': 'SomosDakar', 'name': 'Somos Dakar', 'id': 757781241798221825, 'id_str': '757781241798221825', 'indices': [232, 243]}], 'symbols': [], 'media': [{'id': 1350052751326261248, 'id_str': '1350052751326261248', 'indices': [270, 293], 'media_url': 'http://pbs.twimg.com/media/ErxZ0w7XMAAY8kh.jpg', 'media_url_https': 'https://pbs.twimg.com/media/ErxZ0w7XMAAY8kh.jpg', 'url': 'https://t.co/LrS6nEXycJ', 'display_url': 'pic.twitter.com/LrS6nEXycJ', 'expanded_url': 'https://twitter.com/SomosDakar/status/1350052767386267649/photo/1', 'type': 'photo', 'sizes': {'medium': {'w': 1080, 'h': 1080, 'resize': 'fit'}, 'thumb': {'w': 150, 'h': 150, 'resize': 'crop'}, 'large': {'w': 1080, 'h': 1080, 'resize': 'fit'}, 'small': {'w': 680, 'h': 680, 'resize': 'fit'}}}, {'id': 1350052758121021440, 'id_str': '1350052758121021440', 'indices': [270, 293], 'media_url': 'http://pbs.twimg.com/media/ErxZ1KPXAAAh9_G.jpg', 'media_url_https': 'https://pbs.twimg.com/media/ErxZ1KPXAAAh9_G.jpg', 'url': 'https://t.co/LrS6nEXycJ', 'display_url': 'pic.twitter.com/LrS6nEXycJ', 'expanded_url': 'https://twitter.com/SomosDakar/status/1350052767386267649/photo/1', 'type': 'photo', 'sizes': {'large': {'w': 1080, 'h': 1080, 'resize': 'fit'}, 'thumb': {'w': 150, 'h': 150, 'resize': 'crop'}, 'small': {'w': 680, 'h': 680, 'resize': 'fit'}, 'medium': {'w': 1080, 'h': 1080, 'resize': 'fit'}}}, {'id': 1350052762474713090, 'id_str': '1350052762474713090', 'indices': [270, 293], 'media_url': 'http://pbs.twimg.com/media/ErxZ1adXEAI07HS.jpg', 'media_url_https': 'https://pbs.twimg.com/media/ErxZ1adXEAI07HS.jpg', 'url': 'https://t.co/LrS6nEXycJ', 'display_url': 'pic.twitter.com/LrS6nEXycJ', 'expanded_url': 'https://twitter.com/SomosDakar/status/1350052767386267649/photo/1', 'type': 'photo', 'sizes': {'large': {'w': 1080, 'h': 1350, 'resize': 'fit'}, 'thumb': {'w': 150, 'h': 150, 'resize': 'crop'}, 'medium': {'w': 960, 'h': 1200, 'resize': 'fit'}, 'small': {'w': 544, 'h': 680, 'resize': 'fit'}}}]}, 'extended_entities': {'media': [{'id': 1350052751326261248, 'id_str': '1350052751326261248', 'indices': [270, 293], 'media_url': 'http://pbs.twimg.com/media/ErxZ0w7XMAAY8kh.jpg', 'media_url_https': 'https://pbs.twimg.com/media/ErxZ0w7XMAAY8kh.jpg', 'url': 'https://t.co/LrS6nEXycJ', 'display_url': 'pic.twitter.com/LrS6nEXycJ', 'expanded_url': 'https://twitter.com/SomosDakar/status/1350052767386267649/photo/1', 'type': 'photo', 'sizes': {'medium': {'w': 1080, 'h': 1080, 'resize': 'fit'}, 'thumb': {'w': 150, 'h': 150, 'resize': 'crop'}, 'large': {'w': 1080, 'h': 1080, 'resize': 'fit'}, 'small': {'w': 680, 'h': 680, 'resize': 'fit'}}}, {'id': 1350052758121021440, 'id_str': '1350052758121021440', 'indices': [270, 293], 'media_url': 'http://pbs.twimg.com/media/ErxZ1KPXAAAh9_G.jpg', 'media_url_https': 'https://pbs.twimg.com/media/ErxZ1KPXAAAh9_G.jpg', 'url': 'https://t.co/LrS6nEXycJ', 'display_url': 'pic.twitter.com/LrS6nEXycJ', 'expanded_url': 'https://twitter.com/SomosDakar/status/1350052767386267649/photo/1', 'type': 'photo', 'sizes': {'large': {'w': 1080, 'h': 1080, 'resize': 'fit'}, 'thumb': {'w': 150, 'h': 150, 'resize': 'crop'}, 'small': {'w': 680, 'h': 680, 'resize': 'fit'}, 'medium': {'w': 1080, 'h': 1080, 'resize': 'fit'}}}, {'id': 1350052762474713090, 'id_str': '1350052762474713090', 'indices': [270, 293], 'media_url': 'http://pbs.twimg.com/media/ErxZ1adXEAI07HS.jpg', 'media_url_https': 'https://pbs.twimg.com/media/ErxZ1adXEAI07HS.jpg', 'url': 'https://t.co/LrS6nEXycJ', 'display_url': 'pic.twitter.com/LrS6nEXycJ', 'expanded_url': 'https://twitter.com/SomosDakar/status/1350052767386267649/photo/1', 'type': 'photo', 'sizes': {'large': {'w': 1080, 'h': 1350, 'resize': 'fit'}, 'thumb': {'w': 150, 'h': 150, 'resize': 'crop'}, 'medium': {'w': 960, 'h': 1200, 'resize': 'fit'}, 'small': {'w': 544, 'h': 680, 'resize': 'fit'}}}]}}, 'quote_count': 2, 'reply_count': 9, 'retweet_count': 37, 'favorite_count': 221, 'entities': {'hashtags': [{'text': 'Dakar2021', 'indices': [66, 76]}, {'text': 'Beast347', 'indices': [91, 100]}], 'urls': [{'url': 'https://t.co/QEnUfJoDqJ', 'expanded_url': 'https://twitter.com/i/web/status/1350052767386267649', 'display_url': 'twitter.com/i/web/status/1â€¦', 'indices': [117, 140]}], 'user_mentions': [{'screen_name': 'TimCoronel', 'name': 'Tim Coronel', 'id': 47395667, 'id_str': '47395667', 'indices': [13, 24]}, {'screen_name': 'TomCoronel', 'name': 'Tom Coronel', 'id': 80595443, 'id_str': '80595443', 'indices': [27, 38]}], 'symbols': []}, 'favorited': False, 'retweeted': False, 'possibly_sensitive': False, 'filter_level': 'low', 'lang': 'es'}",False,0,0,0,0,"{'hashtags': [{'text': 'Dakar2021', 'indices': [82, 92]}, {'text': 'Beast347', 'indices': [107, 116]}], 'urls': [], 'user_mentions': [{'screen_name': 'SomosDakar', 'name': 'Somos Dakar', 'id': 757781241798221825, 'id_str': '757781241798221825', 'indices': [3, 14]}, {'screen_name': 'TimCoronel', 'name': 'Tim Coronel', 'id': 47395667, 'id_str': '47395667', 'indices': [29, 40]}, {'screen_name': 'TomCoronel', 'name': 'Tom Coronel', 'id': 80595443, 'id_str': '80595443', 'indices': [43, 54]}], 'symbols': []}",False,False,low,es,1611009784491,,
